,Name,Address,Rating,latitude,longitude,genera_type,place_id,icon,business_status,type
0,Jeddah,Jeddah,N/A,21.485811,39.19250479999999,"['locality', 'political']",ChIJWX4TsR_QwxUR2xixN5dXWeA,https://maps.gstatic.com/mapfiles/place_api/icons/v1/png_71/geocode-71.png,N/A,locality
1,Coral Al Basma Resort,"Assalam Street, Jeddah",4,21.6686879,39.12422350000001,"['lodging', 'point_of_interest', 'establishment']",ChIJsfJJ6rHZwxURMpPs9urEP-k,https://maps.gstatic.com/mapfiles/place_api/icons/v1/png_71/lodging-71.png,OPERATIONAL,lodging
2,Laten Suites,"ابو النصر الفامي، المحمدية،, مكة",3.4,21.6613701,39.1229067,"['lodging', 'point_of_interest', 'establishment']",ChIJtdzdL6XZwxURCgQZ3SCjnek,https://maps.gstatic.com/mapfiles/place_api/icons/v1/png_71/lodging-71.png,OPERATIONAL,lodging
3,Alsanbouk,"Prince Sultan Road, Jeddah",4.1,21.663535,39.1224704,"['clothing_store', 'store', 'point_of_interest', 'establishment']",ChIJ2yniraTZwxURHsQo-xsbR1s,https://maps.gstatic.com/mapfiles/place_api/icons/v1/png_71/generic_business-71.png,OPERATIONAL,clothing_store
4,Dream Land 2,"عبد الله الفيصل الفرعي, Q44F+QWX، شارع الأمير, Jeddah",3.4,21.6674559,39.1214009,"['point_of_interest', 'establishment']",ChIJ4R8S5xxjwRURLmDiKacHagQ,https://maps.gstatic.com/mapfiles/place_api/icons/v1/png_71/generic_business-71.png,OPERATIONAL,point_of_interest
5,LA padella south street,"طريق الامير سلطان، حي, Jeddah",4.1,21.6651086,39.1222782,"['restaurant', 'food', 'point_of_interest', 'establishment']",ChIJvy35T6XZwxURIUF7tCpGD0M,https://maps.gstatic.com/mapfiles/place_api/icons/v1/png_71/restaurant-71.png,OPERATIONAL,restaurant
6,Helen's Bakery,"23625, جدة",4.2,21.6638631,39.1224921,"['bakery', 'store', 'food', 'point_of_interest', 'establishment']",ChIJ8eZYOqXZwxURM4eZl1oaDqM,https://maps.gstatic.com/mapfiles/place_api/icons/v1/png_71/restaurant-71.png,OPERATIONAL,bakery
7,Rocket Interactive Agency,"7296 محمد بن حاطب, Al Muhammadiyah District, 2151,, Jeddah",5,21.66360539999999,39.1228677,"['point_of_interest', 'establishment']",ChIJw0dGMKXZwxUR7TEQbO5Rktg,https://maps.gstatic.com/mapfiles/place_api/icons/v1/png_71/generic_business-71.png,OPERATIONAL,point_of_interest
8,المائدة المثالية,"شارع الأمير سلطان, حي المحمدية 7242 محمد بن حاطب, Jeddah",4.2,21.6631335,39.1229668,"['restaurant', 'food', 'point_of_interest', 'establishment']",ChIJI27nLKXZwxURVYT0L9qo3Rc,https://maps.gstatic.com/mapfiles/place_api/icons/v1/png_71/restaurant-71.png,OPERATIONAL,restaurant
9,NBArchitects,"5526 Ismail Ibn Kathir, Al Basatin District, Jeddah 23717 7150 Ismail Ibn Kathir, Jeddah",5,21.6698502,39.1234632,"['point_of_interest', 'establishment']",ChIJjfHS_rHZwxURimqwqR0L8lo,https://maps.gstatic.com/mapfiles/place_api/icons/v1/png_71/generic_business-71.png,OPERATIONAL,point_of_interest
10,مجموعة البركاتي العقارية,"M49F+WG7, شارع إسماعيل بن كثير، البساتين،, Jeddah",4.5,21.6697802,39.1237882,"['finance', 'point_of_interest', 'establishment']",ChIJsQlPw2LawxUREXv_kdTto40,https://maps.gstatic.com/mapfiles/place_api/icons/v1/png_71/generic_business-71.png,OPERATIONAL,finance
11,Schweitzer Engineering Laboratories Saudi Ltd. Co.,"2nd/F Rm. 207 Fall Bldg., Prince Sultan Road,, Jeddah",5,21.66239909999999,39.1226857,"['point_of_interest', 'establishment']",ChIJY5IY0aTZwxUR4juEUdKX4TE,https://maps.gstatic.com/mapfiles/place_api/icons/v1/png_71/generic_business-71.png,OPERATIONAL,point_of_interest
12,iPhotographer,"District Office, No. 108, 7163 Prince Sultan Rd, Jeddah",4.8,21.6623513,39.12269010000001,"['point_of_interest', 'establishment']",ChIJqSc451_QwxURt388BJLTPSY,https://maps.gstatic.com/mapfiles/place_api/icons/v1/png_71/generic_business-71.png,OPERATIONAL,point_of_interest
13,Interplast Co. Ltd. Pipes And Fittings شركة انتربلاست المحدودة Cosmoplast Co. Ltd. ( كوزموبلاست ),"حي, 7211 Prince Sultan Road, Jeddah",4.5,21.670473,39.1214144,"['point_of_interest', 'establishment']",ChIJE3HGD7DawxURSLTSEyjZLLs,https://maps.gstatic.com/mapfiles/place_api/icons/v1/png_71/generic_business-71.png,OPERATIONAL,point_of_interest
14,Gado Gado,"Prince Sultan Road, Jeddah",3.7,21.6704954,39.121457,"['restaurant', 'food', 'point_of_interest', 'establishment']",ChIJ8xsWd67ZwxURaqOg6lVxQ5w,https://maps.gstatic.com/mapfiles/place_api/icons/v1/png_71/restaurant-71.png,OPERATIONAL,restaurant
15,مكتب رامي الصالح للمحاماة والاستشارات القانونية Rami Al Saleh Lawyer,"7049 الامير سلطان فرعي, Al Muhammadiyah District, جدة",4.8,21.6613586,39.1228588,"['point_of_interest', 'establishment']",ChIJUdvUtaTZwxURx5tpgdQRIy4,https://maps.gstatic.com/mapfiles/place_api/icons/v1/png_71/generic_business-71.png,OPERATIONAL,point_of_interest
16,أكاديمية أجنحة الصقر لعلوم الطيران,"شارع الأمير سلطان, آية مول, Jeddah",4.7,21.6612195,39.1201677,"['school', 'university', 'point_of_interest', 'establishment']",ChIJ_wSfe6TZwxURFYgJQchOCyk,https://maps.gstatic.com/mapfiles/place_api/icons/v1/png_71/school-71.png,OPERATIONAL,school
17,Carrom Media Agency,"7023 الامير سلطان فرعي, Jeddah",5,21.6611236,39.1229461,"['point_of_interest', 'establishment']",ChIJK723s6TZwxURiJHTzFl3DVU,https://maps.gstatic.com/mapfiles/place_api/icons/v1/png_71/generic_business-71.png,OPERATIONAL,point_of_interest
18,Petromin Headoffice,"Saudi, Jeddah",4.2,21.6610711,39.1197901,"['point_of_interest', 'establishment']",ChIJA1zddKTZwxURumXEL64kZ-M,https://maps.gstatic.com/mapfiles/place_api/icons/v1/png_71/generic_business-71.png,OPERATIONAL,point_of_interest
19,Al Mohammadiyyah,Al Mohammadiyyah,N/A,21.6486364,39.127207,"['sublocality_level_1', 'sublocality', 'political']",ChIJocTTuJbZwxUR5j2wFMkGbXE,https://maps.gstatic.com/mapfiles/place_api/icons/v1/png_71/geocode-71.png,N/A,sublocality_level_1
22,Peaks Construction & Maintenance Co Ltd.,"طريق الامير سلطان, Al Olaya Tower, جدة",3.4,21.65819579999999,39.1225173,"['general_contractor', 'point_of_interest', 'establishment']",ChIJcxnBUUrFwxURCeXyzMxzWfg,https://maps.gstatic.com/mapfiles/place_api/icons/v1/png_71/generic_business-71.png,OPERATIONAL,general_contractor
23,استديوهات وأكاديمية روائع,"2662 Aws Bin Thabit, Jeddah",4.7,21.6563585,39.127804,"['electronics_store', 'home_goods_store', 'school', 'point_of_interest', 'store', 'establishment']",ChIJT9i20r3ZwxURj3m2hd00Ee8,https://maps.gstatic.com/mapfiles/place_api/icons/v1/png_71/generic_business-71.png,OPERATIONAL,electronics_store
24,Resorts Holding Company,"مبنى ادارة منتجعات القابضة, حي المحمدية، جدة المملكة العربية السعودية, Jeddah",4.5,21.6552616,39.12482019999999,"['travel_agency', 'lodging', 'point_of_interest', 'establishment']",ChIJGc9jYbnPwxURXCLtvzJQMP8,https://maps.gstatic.com/mapfiles/place_api/icons/v1/png_71/lodging-71.png,OPERATIONAL,travel_agency
25,Sanabel Al-Salam,"Prince Sultan Road, Jeddah",3.8,21.6525953,39.1259623,"['food', 'point_of_interest', 'store', 'establishment']",ChIJjVN8TZbZwxUROhz89-T8fas,https://maps.gstatic.com/mapfiles/place_api/icons/v1/png_71/shopping-71.png,OPERATIONAL,food
26,Allied Solutions KSA,"شارع الامير سلطان تقاطع اوس بن ثابت, مبنى منتجعات القابضة الدور الثالث, Jeddah",3.5,21.65539399999999,39.12484600000001,"['point_of_interest', 'establishment']",ChIJfSJcYbnPwxURwET2VkR1LoQ,https://maps.gstatic.com/mapfiles/place_api/icons/v1/png_71/generic_business-71.png,OPERATIONAL,point_of_interest
27,PAPERMOON,"الشركه الوطنيه للمياه, طريق الأمير سلطان الفرعي بالقرب من, Jeddah",4.1,21.6564673,39.1244215,"['point_of_interest', 'store', 'establishment']",ChIJi_jiP73ZwxURw5Z1JHd2OKU,https://maps.gstatic.com/mapfiles/place_api/icons/v1/png_71/shopping-71.png,CLOSED_TEMPORARILY,point_of_interest
28,National Water Company,"M44F+GR6, شارع الأمير سلطان بن عبدالعزيز، المحمدية،, Jeddah",2.4,21.6562929,39.1245094,"['point_of_interest', 'establishment']",ChIJ-XtyQL3ZwxURsHUI9fNt-nM,https://maps.gstatic.com/mapfiles/place_api/icons/v1/png_71/civic_building-71.png,OPERATIONAL,point_of_interest
29,McDonald's,"Prince Sultan Road, Mohammadia, Near Royal Pavillion Traffic Light North, Jeddah",4,21.6585235,39.12344030000001,"['restaurant', 'food', 'point_of_interest', 'establishment']",ChIJjVSVzrzZwxUR3VXSoypKd6E,https://maps.gstatic.com/mapfiles/place_api/icons/v1/png_71/restaurant-71.png,OPERATIONAL,restaurant
30,Burger King - Sultan St,"Opposite Bakhshs Garden, Prince Sultan Branch Road, Jeddah",3.8,21.654539,39.125038,"['restaurant', 'food', 'point_of_interest', 'establishment']",ChIJrRkw2JfZwxURv4LQLc6pw3M,https://maps.gstatic.com/mapfiles/place_api/icons/v1/png_71/restaurant-71.png,OPERATIONAL,restaurant
31,شركة آساد المحدودة,"Prince Sultan Road, Jeddah",4,21.6583612,39.12246280000001,"['general_contractor', 'point_of_interest', 'establishment']",ChIJBxG8zg_RwxURWQPUM5cYsdo,https://maps.gstatic.com/mapfiles/place_api/icons/v1/png_71/generic_business-71.png,OPERATIONAL,general_contractor
32,برج العليا Olaya Tower 8370,"Prince Sultan Road, M45C+9X8, Jeddah",4.1,21.6584002,39.12245009999999,"['real_estate_agency', 'point_of_interest', 'establishment']",ChIJ2RXuL6PZwxURtYIa59iLZRA,https://maps.gstatic.com/mapfiles/place_api/icons/v1/png_71/generic_business-71.png,OPERATIONAL,real_estate_agency
33,My Clinic,"Prince Sultan Road, Jeddah",3.8,21.65913789999999,39.1226109,"['hospital', 'health', 'point_of_interest', 'establishment']",ChIJq1MvMaPZwxURqz9Cv9cOvJ0,https://maps.gstatic.com/mapfiles/place_api/icons/v1/png_71/generic_business-71.png,OPERATIONAL,hospital
34,BOUTHAINA Salon & Spa (Mohamadya),"2212 جنادة بن ابي امية, Jeddah",3.7,21.6595717,39.12321329999999,"['beauty_salon', 'point_of_interest', 'establishment']",ChIJT89crbzZwxURN4YtMzUst88,https://maps.gstatic.com/mapfiles/place_api/icons/v1/png_71/generic_business-71.png,OPERATIONAL,beauty_salon
35,SAICO Insurance | الشركة العربية السعودية للتأمين التعاوني (سايكو),"Prince Sultan Road, M45F+V72, Jeddah",2.9,21.6596317,39.1231417,"['point_of_interest', 'establishment']",ChIJ76QUU6PZwxURt7lPOmBbbm8,https://maps.gstatic.com/mapfiles/place_api/icons/v1/png_71/generic_business-71.png,OPERATIONAL,point_of_interest
36,Samar Alhaysooni Law Firm مكتب سمر سمير الحيسوني للمحاماة,"2441 Abi Al Hasan Ibn Ismail, JEMA6220, 6220, Jeddah",4.3,21.6537537,39.1255987,"['point_of_interest', 'establishment']",ChIJISKmWUXawxUR3lhcCXOstaM,https://maps.gstatic.com/mapfiles/place_api/icons/v1/png_71/generic_business-71.png,OPERATIONAL,point_of_interest
37,My Clinic Parking مواقف عيادتي,"M45C+JJC, Jeddah",3.6,21.6590748,39.1215002,"['point_of_interest', 'establishment']",ChIJd-kLPKPZwxURH-XHRybjddc,https://maps.gstatic.com/mapfiles/place_api/icons/v1/png_71/generic_business-71.png,OPERATIONAL,point_of_interest
38,Scan Tool Line,"Prince Sultan Road, Jeddah",4.4,21.6532872,39.1256082,"['point_of_interest', 'establishment']",ChIJZSufJy_XwxURwJYZ6N_r-xc,https://maps.gstatic.com/mapfiles/place_api/icons/v1/png_71/generic_business-71.png,OPERATIONAL,point_of_interest
42,مدرسة البساط الاخضر العالمية بجدة Green Grass International School,"9261 الامير سلطان فرعي, 2219, Jeddah",4,21.651968,39.1277891,"['school', 'point_of_interest', 'establishment']",ChIJY_5mepbZwxUR3Vv0um12yAs,https://maps.gstatic.com/mapfiles/place_api/icons/v1/png_71/school-71.png,OPERATIONAL,school
47,Dunkin' Donuts,"Prince Sultan Road, Jeddah",4.1,21.6482267,39.1275476,"['cafe', 'bakery', 'store', 'food', 'point_of_interest', 'establishment']",ChIJ82XNVYzZwxURKrwPhezel4I,https://maps.gstatic.com/mapfiles/place_api/icons/v1/png_71/restaurant-71.png,OPERATIONAL,cafe
48,Neamah Bakery and Sweets - مخابز وحلويات نعمة‎,"8817 شارع الأمير سلطان, Jeddah",4,21.6479363,39.12771799999999,"['bakery', 'store', 'food', 'point_of_interest', 'establishment']",ChIJX6kLab3ZwxURzpFKRrBPzBU,https://maps.gstatic.com/mapfiles/place_api/icons/v1/png_71/restaurant-71.png,OPERATIONAL,bakery
50,Gold Sushi Club,"Dist, Prince Sultan Road, Jeddah",4.1,21.6474901,39.1278283,"['restaurant', 'food', 'point_of_interest', 'establishment']",ChIJrwcqZJHZwxURFH6UBYBUU9s,https://maps.gstatic.com/mapfiles/place_api/icons/v1/png_71/restaurant-71.png,OPERATIONAL,restaurant
51,Othman bin Mazon Primary School,"M42J+QC5, Jeddah",3.8,21.651889,39.13111499999999,"['primary_school', 'school', 'point_of_interest', 'establishment']",ChIJB1RtC5XZwxUR15iZvCduBPY,https://maps.gstatic.com/mapfiles/place_api/icons/v1/png_71/school-71.png,OPERATIONAL,primary_school
52,abwab.com - تطبيق أبواب للعقارات,"Prince Sultan Branch Road, Jeddah",4,21.6470682,39.1283116,"['real_estate_agency', 'point_of_interest', 'establishment']",ChIJ0cUXY5HZwxURU5rj6r9x_bQ,https://maps.gstatic.com/mapfiles/place_api/icons/v1/png_71/generic_business-71.png,OPERATIONAL,real_estate_agency
56,Munch Bakery,"Prince Sultan Road, Jeddah",4.4,21.64718809999999,39.1278606,"['bakery', 'store', 'food', 'point_of_interest', 'establishment']",ChIJ3e4FeK7ZwxURRgJLSeyo6pQ,https://maps.gstatic.com/mapfiles/place_api/icons/v1/png_71/restaurant-71.png,OPERATIONAL,bakery
57,The British International School of Jeddah,"6628 4837 Ihsan Abbas, Jeddah",3.7,21.6467546,39.1239405,"['school', 'point_of_interest', 'establishment']",ChIJh77cXJDZwxURMbeWJ6sOozs,https://maps.gstatic.com/mapfiles/place_api/icons/v1/png_71/school-71.png,OPERATIONAL,school
58,Sushi Yoshi,"أم المؤمنين مارية رضي الله عنها, M42G+VCF, Jeddah",3.9,21.6521922,39.1260327,"['restaurant', 'food', 'point_of_interest', 'establishment']",ChIJVSg8VJbZwxUR2runRmsMq6c,https://maps.gstatic.com/mapfiles/place_api/icons/v1/png_71/restaurant-71.png,OPERATIONAL,restaurant
61,Daan Pharmacy,"J4RJ+H4W, Jeddah",3.8,21.6414991,39.1303392,"['pharmacy', 'store', 'health', 'point_of_interest', 'establishment']",ChIJUQWluo3ZwxURqy985tkLTl0,https://maps.gstatic.com/mapfiles/place_api/icons/v1/png_71/pharmacy-71.png,OPERATIONAL,pharmacy
62,American Corner,"J4RJ+M25, Jeddah",3.9,21.6416497,39.1301244,"['restaurant', 'food', 'point_of_interest', 'establishment']",ChIJJ9ugu43ZwxURpV7Xoakwqkk,https://maps.gstatic.com/mapfiles/place_api/icons/v1/png_71/restaurant-71.png,OPERATIONAL,restaurant
63,Dar Nasief real estate developer,"8515 Prince Sultan Road, Jeddah",5,21.645097,39.1289174,"['general_contractor', 'point_of_interest', 'establishment']",ChIJqcOqulPYwxURLynDSan5X8o,https://maps.gstatic.com/mapfiles/place_api/icons/v1/png_71/generic_business-71.png,OPERATIONAL,general_contractor
64,Dextra Middle East (Jeddah branch),"7th Floor, Shaker Center, Prince Sultan Street, 21493, جدة",3,21.645166,39.1288333,"['store', 'point_of_interest', 'establishment']",ChIJ_b2dI5LZwxURVh0XXy6CU40,https://maps.gstatic.com/mapfiles/place_api/icons/v1/png_71/shopping-71.png,OPERATIONAL,store
65,Catalyst Group,"8495 الامير سلطان فرعي, Jeddah",5,21.6451905,39.128885,"['point_of_interest', 'establishment']",ChIJz1oKI5LZwxURGZNMz-oUJsU,https://maps.gstatic.com/mapfiles/place_api/icons/v1/png_71/generic_business-71.png,OPERATIONAL,point_of_interest
66,Talah AlJood,"Prince Sultan Road, J4WH+3FM, Jeddah",4.2,21.6452075,39.12868149999999,"['food', 'store', 'point_of_interest', 'establishment']",ChIJM1yEJpLZwxURWAy7oE0ycO0,https://maps.gstatic.com/mapfiles/place_api/icons/v1/png_71/shopping-71.png,OPERATIONAL,food
67,"Manar Khashifaty interior design & general contractor , Shaker Center.","Prince Sultan Rd, J4WH+4G9, Jeddah",4.6,21.6452882,39.12886450000001,"['point_of_interest', 'establishment']",ChIJ7eJ4I5LZwxURvhmiCrYC_pA,https://maps.gstatic.com/mapfiles/place_api/icons/v1/png_71/generic_business-71.png,OPERATIONAL,point_of_interest
68,Hardee's,"AMIR SULTAN STREET, Al Naim, JEDDAH SAUDI ARABIA",3.8,21.6405502,39.1306243,"['restaurant', 'food', 'point_of_interest', 'establishment']",ChIJR6-FU4zZwxUR9uCzhIAQWk4,https://maps.gstatic.com/mapfiles/place_api/icons/v1/png_71/restaurant-71.png,OPERATIONAL,restaurant
70,مركز شروق الشمس للعلاج الطبيعي المكثف,"جده حي المحمديه طريق الامير سلطان شمال جرير مول, Jeddah",4.4,21.6416328,39.1295148,"['health', 'point_of_interest', 'establishment']",ChIJBw4Hu43ZwxURnyGhgKpWYm4,https://maps.gstatic.com/mapfiles/place_api/icons/v1/png_71/generic_business-71.png,OPERATIONAL,health
72,فن تايم بيتزا Fun Time Pizza,"Prince Sultan Road, Jeddah",4.2,21.6410691,39.1303999,"['restaurant', 'food', 'point_of_interest', 'establishment']",ChIJaXngrY3ZwxUROXa4ZU20d7o,https://maps.gstatic.com/mapfiles/place_api/icons/v1/png_71/restaurant-71.png,OPERATIONAL,restaurant
74,بيت الكنافة Kunafah House,"Sultan Street, Jeddah",3.6,21.640785,39.1304372,"['food', 'store', 'point_of_interest', 'establishment']",ChIJZ0ZSrI3ZwxURbUWMBVuvrEk,https://maps.gstatic.com/mapfiles/place_api/icons/v1/png_71/shopping-71.png,OPERATIONAL,food
76,Hajeej Tarvels حجيج للسفريات,"J4WM+67X, Jeddah",3.8,21.6456009,39.13324710000001,"['travel_agency', 'point_of_interest', 'establishment']",ChIJHamBLpPZwxURB4nY2UtaCHo,https://maps.gstatic.com/mapfiles/place_api/icons/v1/png_71/generic_business-71.png,OPERATIONAL,travel_agency
77,Vega Education Consultancy,"J4WM+699, Jeddah",3.5,21.645535,39.13348500000001,"['travel_agency', 'point_of_interest', 'establishment']",ChIJ74O-MpPZwxURXrbhzM_9GDM,https://maps.gstatic.com/mapfiles/place_api/icons/v1/png_71/generic_business-71.png,OPERATIONAL,travel_agency
78,شركة داعـم الحديثة للخدمات المساندة,"8582 سويد بن صخر, Al Muhammadiyah District,, جدة",4.2,21.645726,39.1334385,"['point_of_interest', 'establishment']",ChIJtz9tM5PZwxURbLjupuPwZMg,https://maps.gstatic.com/mapfiles/place_api/icons/v1/png_71/generic_business-71.png,OPERATIONAL,point_of_interest
84,REDTAG,"Prince Sultan Road, Jeddah",4,21.6387337,39.131777,"['clothing_store', 'home_goods_store', 'store', 'point_of_interest', 'establishment']",ChIJWRbvkIzZwxURgZRK-7gz5sc,https://maps.gstatic.com/mapfiles/place_api/icons/v1/png_71/shopping-71.png,OPERATIONAL,clothing_store
85,TNT Express,"1St Floor Massarah Plaza, Jeddah",2.6,21.6379839,39.1317957,"['point_of_interest', 'establishment']",ChIJ3ePFnYzZwxURfn6oLHPs2u4,https://maps.gstatic.com/mapfiles/place_api/icons/v1/png_71/generic_business-71.png,OPERATIONAL,point_of_interest
86,SNB ATM,"J4PJ+XCH, Jeddah",3.6,21.637437,39.13110209999999,"['atm', 'finance', 'point_of_interest', 'establishment']",ChIJx5PCeYvZwxURh5QzoKNxFf0,https://maps.gstatic.com/mapfiles/place_api/icons/v1/png_71/atm-71.png,OPERATIONAL,atm
87,Barn's | بارنز,"Prince Sultan Branch Road, Jeddah",4.2,21.6373724,39.13122379999999,"['cafe', 'bakery', 'store', 'restaurant', 'food', 'point_of_interest', 'establishment']",ChIJpQ1nd4vZwxUR-bnWSeZKlMg,https://maps.gstatic.com/mapfiles/place_api/icons/v1/png_71/cafe-71.png,OPERATIONAL,cafe
88,Petromin Express,"Next to Saudi Council of Engineers, Prince Sultan Branch Rd, Sahel Gas Station, Jeddah",4.4,21.637417,39.13073199999999,"['car_repair', 'store', 'point_of_interest', 'establishment']",ChIJxW9pnYvZwxURv1s4oXcCWgA,https://maps.gstatic.com/mapfiles/place_api/icons/v1/png_71/generic_business-71.png,OPERATIONAL,car_repair
89,Subway,"8470, 8470 Prince Sultan Street, Jeddah",4,21.637369,39.130725,"['restaurant', 'food', 'point_of_interest', 'establishment']",ChIJW7hTdovZwxURwYCYg66Zw60,https://maps.gstatic.com/mapfiles/place_api/icons/v1/png_71/restaurant-71.png,OPERATIONAL,restaurant
90,Arabian Oud,"7871 طريق الامير سلطان, 2647, An Naim District, جدة",4.1,21.6393611,39.1318199,"['clothing_store', 'store', 'point_of_interest', 'establishment']",ChIJK-zi4IzZwxURw3CFXNwZKec,https://maps.gstatic.com/mapfiles/place_api/icons/v1/png_71/shopping-71.png,OPERATIONAL,clothing_store
91,Saudi Council of Engineers,"J4PJ+RC6, Jeddah",3.9,21.637034,39.13100479999999,"['point_of_interest', 'establishment']",ChIJueKrdYvZwxURGps4bczTNOE,https://maps.gstatic.com/mapfiles/place_api/icons/v1/png_71/civic_building-71.png,OPERATIONAL,point_of_interest
92,هيئة المهندسين السعوديين بجدة,"Prince Sultan Branch Road, J4PJ+RC2, Jeddah",3.6,21.6370232,39.1310027,"['point_of_interest', 'establishment']",ChIJlSuzdYvZwxURAvTYjewL1Co,https://maps.gstatic.com/mapfiles/place_api/icons/v1/png_71/civic_building-71.png,OPERATIONAL,point_of_interest
93,FireGrill,"Prince Sultan Road, Jeddah",4.1,21.6372053,39.132021,"['restaurant', 'food', 'point_of_interest', 'establishment']",ChIJIc20ZovZwxURTkdtk-agTQg,https://maps.gstatic.com/mapfiles/place_api/icons/v1/png_71/restaurant-71.png,OPERATIONAL,restaurant
94,عالم الخزائن Closet World,"حي النعيم 7681 طريق الامير سلطان - المسرة بلازا, جدة",4,21.6373291,39.132225,"['furniture_store', 'home_goods_store', 'store', 'point_of_interest', 'establishment']",ChIJjfhjYYvZwxUR-sUunqO5G6k,https://maps.gstatic.com/mapfiles/place_api/icons/v1/png_71/shopping-71.png,OPERATIONAL,furniture_store
95,KFC,"Amir Sultan St. Mohmdia, جدة",3.7,21.64026969999999,39.1306936,"['restaurant', 'food', 'point_of_interest', 'establishment']",ChIJ0WW_VozZwxURuRWrYODJla4,https://maps.gstatic.com/mapfiles/place_api/icons/v1/png_71/restaurant-71.png,OPERATIONAL,restaurant
96,Domino's Pizza,"2770 طريق الأمير سلطان الفرعي, Jarir Mall, جدة",3.9,21.63977329999999,39.1326041,"['meal_delivery', 'meal_takeaway', 'restaurant', 'food', 'point_of_interest', 'establishment']",ChIJK3k91ozZwxURRiCiF9GWVO0,https://maps.gstatic.com/mapfiles/place_api/icons/v1/png_71/restaurant-71.png,OPERATIONAL,meal_delivery
97,Mikyajy مكياجي,Jeddah,4.5,21.6398917,39.1325035,"['clothing_store', 'store', 'point_of_interest', 'establishment']",ChIJxasalYzZwxURx6UcB4DRsDI,https://maps.gstatic.com/mapfiles/place_api/icons/v1/png_71/shopping-71.png,OPERATIONAL,clothing_store
98,Jarir Bookstore | مكتبة جرير,"طريق الأمير سلطان الفرعي, Jarir Mall, جدة",4.2,21.6400189,39.1323625,"['book_store', 'electronics_store', 'home_goods_store', 'store', 'point_of_interest', 'establishment']",ChIJy48x24zZwxUR9BBszGzXCMc,https://maps.gstatic.com/mapfiles/place_api/icons/v1/png_71/shopping-71.png,OPERATIONAL,book_store
101,SAB الأول,"النهضه, طريق الأمير سلطان, Prince sultan Rd, جدة",2.7,21.6331951,39.1326989,"['bank', 'finance', 'point_of_interest', 'establishment']",ChIJMXbipIrZwxUR8H38smg4HgM,https://maps.gstatic.com/mapfiles/place_api/icons/v1/png_71/bank-71.png,OPERATIONAL,bank
102,SNB AlAhli,"Prince Sultan Ibn Abdulaziz, J4JM+W5, Jeddah",2.5,21.6323727,39.132945,"['bank', 'atm', 'finance', 'point_of_interest', 'establishment']",ChIJy18SBiDawxURs2_dFhr8Vxg,https://maps.gstatic.com/mapfiles/place_api/icons/v1/png_71/bank-71.png,OPERATIONAL,bank
103,Wared Logistics,"Prince Sultan Road, Jeddah",3.8,21.6294419,39.13426229999999,"['point_of_interest', 'establishment']",ChIJkSY0eB_awxURpxid32r_1RE,https://maps.gstatic.com/mapfiles/place_api/icons/v1/png_71/generic_business-71.png,OPERATIONAL,point_of_interest
104,SNB AlAhli ATM,Jeddah,3.4,21.63231739999999,39.13311569999999,"['atm', 'finance', 'point_of_interest', 'establishment']",ChIJizy4BiDawxURox8LiYnWX_w,https://maps.gstatic.com/mapfiles/place_api/icons/v1/png_71/atm-71.png,OPERATIONAL,atm
105,Holi Indian Restaurant,"Prince Sultan Road, Jeddah",3.7,21.631674,39.1334369,"['restaurant', 'food', 'point_of_interest', 'establishment']",ChIJvcngHSDawxURDb52s5gH9EM,https://maps.gstatic.com/mapfiles/place_api/icons/v1/png_71/restaurant-71.png,OPERATIONAL,restaurant
106,Amlak International For Real Estate Development & Finance Co.,"Prince Sultan Road, Jeddah",3.4,21.6312555,39.1335542,"['finance', 'point_of_interest', 'establishment']",ChIJVwUuHiDawxURxGti1aRdctY,https://maps.gstatic.com/mapfiles/place_api/icons/v1/png_71/generic_business-71.png,OPERATIONAL,finance
107,Day Care Skills Center,"حي النعيم، شارع مكي بن عزو, Jeddah",4.4,21.6344016,39.1352127,"['school', 'point_of_interest', 'establishment']",ChIJn9e84fTZwxURjUYwL_RNw_E,https://maps.gstatic.com/mapfiles/place_api/icons/v1/png_71/school-71.png,OPERATIONAL,school
108,زهير فايز ومشاركوه للاستشارات الهندسية Zuhair Fayez Partnership,"7900, Al Muhammadiyah District, جدة",4.2,21.632261,39.13014,"['point_of_interest', 'establishment']",ChIJb1VVkiDawxUR6KCbndc69Yc,https://maps.gstatic.com/mapfiles/place_api/icons/v1/png_71/generic_business-71.png,OPERATIONAL,point_of_interest
109,DGIT,"7664 Prince Sultan Road, Jeddah",5,21.6301259,39.1337921,"['point_of_interest', 'establishment']",ChIJXUw2gR_awxUR_UlrQoLduNY,https://maps.gstatic.com/mapfiles/place_api/icons/v1/png_71/generic_business-71.png,OPERATIONAL,point_of_interest
110,Phenomenal,"J4JM+3H5, Jeddah",4.4,21.6301474,39.1339931,"['point_of_interest', 'establishment']",ChIJJ4F6gR_awxUR2ucfOCuqOKM,https://maps.gstatic.com/mapfiles/place_api/icons/v1/png_71/generic_business-71.png,OPERATIONAL,point_of_interest
111,شركة مستشارك المتكامل للصيانة و التشغيل MAMCO,"حي النهضة شارع أروى بنت عبدالمطلب 5021 23615 7771, جدة",4,21.631286,39.130486,"['general_contractor', 'point_of_interest', 'establishment']",ChIJ577v-SDawxURMEiq09Vkh1k,https://maps.gstatic.com/mapfiles/place_api/icons/v1/png_71/generic_business-71.png,OPERATIONAL,general_contractor
112,Tasheel Information Technology,"Mohammad Ibn Al Muthanna Street, J4JH+VXH, Jeddah",4.5,21.6321956,39.1299936,"['point_of_interest', 'establishment']",ChIJJ0ZY6yDawxURwZjeFHvBBSY,https://maps.gstatic.com/mapfiles/place_api/icons/v1/png_71/generic_business-71.png,OPERATIONAL,point_of_interest
113,BEAUTY MILANO,"Prince Sultan Branch Road, Jeddah",4,21.6301,39.13393070000001,"['shopping_mall', 'point_of_interest', 'establishment']",ChIJyxoPgR_awxURm51QAJ9RNbQ,https://maps.gstatic.com/mapfiles/place_api/icons/v1/png_71/shopping-71.png,OPERATIONAL,shopping_mall
114,flyadeal,"7884 Al Muhammadiyah District Short Address: JEMA7884, جدة",2.1,21.6320779,39.1299472,"['point_of_interest', 'establishment']",ChIJv8PEkCDawxUR6ITGW-xsFP4,https://maps.gstatic.com/mapfiles/place_api/icons/v1/png_71/generic_business-71.png,OPERATIONAL,point_of_interest
115,Fuji Yida Elevator & Escalators,"Prince Sultan Road, Jeddah",5,21.629656,39.1338215,"['point_of_interest', 'establishment']",ChIJk4AfiUfQwxUREw6t0CteukE,https://maps.gstatic.com/mapfiles/place_api/icons/v1/png_71/generic_business-71.png,OPERATIONAL,point_of_interest
116,STC Devices Service Center,"Prince Sultan Road, Jeddah",3.8,21.6296616,39.13413570000001,"['point_of_interest', 'establishment']",ChIJjWokGdHPwxURVx9vKwCSwQ0,https://maps.gstatic.com/mapfiles/place_api/icons/v1/png_71/generic_business-71.png,OPERATIONAL,point_of_interest
117,مركز التأهيل الأكاديمي والمهارات الحياتية,"5060 ابو الحجاج الاشعري, حي النهضة، 7686, جدة",4.5,21.63024,39.1308029,"['school', 'point_of_interest', 'establishment']",ChIJaYbUACHawxURnh_nTb9Khe4,https://maps.gstatic.com/mapfiles/place_api/icons/v1/png_71/school-71.png,CLOSED_TEMPORARILY,school
118,Hafele KSA Head Office - 5th Floor,"7552 Prince Sultan Road, Jeddah",4.3,21.6291614,39.13413209999999,"['point_of_interest', 'establishment']",ChIJ-bzJeh_awxURihOcBfP5kjI,https://maps.gstatic.com/mapfiles/place_api/icons/v1/png_71/generic_business-71.png,OPERATIONAL,point_of_interest
123,مسك الأولى القابضة ، برج الجوهرة ، الدور الخامس,"Prince Sultan Rd طريق الامير سلطان, An Naim District, جدة",4.3,21.6271073,39.1359935,"['point_of_interest', 'establishment']",ChIJ6yi2Kx_awxURgUpVto6WCJQ,https://maps.gstatic.com/mapfiles/place_api/icons/v1/png_71/generic_business-71.png,OPERATIONAL,point_of_interest
124,صيدلية سلامه,"Prince Sultan Branch Road, Jeddah",4,21.6267185,39.13541130000001,"['pharmacy', 'health', 'store', 'point_of_interest', 'establishment']",ChIJxQP-zRjawxURA68wIeNa2I0,https://maps.gstatic.com/mapfiles/place_api/icons/v1/png_71/pharmacy-71.png,OPERATIONAL,pharmacy
125,Retro Shop,"6465 Prince Sultan Road, حي النعيم, 3075, Jeddah",4.6,21.6267606,39.1360978,"['home_goods_store', 'store', 'point_of_interest', 'establishment']",ChIJ3US-Kh_awxURUZ8MUUiQQrk,https://maps.gstatic.com/mapfiles/place_api/icons/v1/png_71/shopping-71.png,OPERATIONAL,home_goods_store
126,Fast Aviation Travel & Tourism,"7474 Prince sultan ST, Jeddah",4.1,21.6283776,39.13468869999999,"['travel_agency', 'point_of_interest', 'establishment']",ChIJfYjpIYrPwxURKZOWl2pzNiI,https://maps.gstatic.com/mapfiles/place_api/icons/v1/png_71/generic_business-71.png,OPERATIONAL,travel_agency
127,العالمية بزنس بارك,"7284 5508 Prince Sultan Road, Jeddah",4.4,21.6265035,39.1351849,"['point_of_interest', 'establishment']",ChIJ8WpRyRjawxURX1KWYh-AgGE,https://maps.gstatic.com/mapfiles/place_api/icons/v1/png_71/generic_business-71.png,OPERATIONAL,point_of_interest
128,Qurtubah Private Schools - Primary Section,"Prince Sultan Ibn Abdulaziz, J4GM+FRQ, جدة",4.3,21.6262092,39.1346231,"['school', 'point_of_interest', 'establishment']",ChIJyy00uRjawxURHzZ-n9l2XXM,https://maps.gstatic.com/mapfiles/place_api/icons/v1/png_71/school-71.png,OPERATIONAL,school
129,GPM-SAUDI,"Prince Sultan Ibn Abdulaziz, J4HM+GQP, جدة",5,21.6288362,39.1344386,"['point_of_interest', 'establishment']",ChIJY5Htbh_awxURZcbu850vbBk,https://maps.gstatic.com/mapfiles/place_api/icons/v1/png_71/generic_business-71.png,OPERATIONAL,point_of_interest
130,PRESCO,"7490 muhammed ibn abi bakr, Jeddah",4.1,21.6284237,39.1339525,"['point_of_interest', 'establishment']",ChIJlQ8_FO58wRURQy_Eb7MSO-4,https://maps.gstatic.com/mapfiles/place_api/icons/v1/png_71/generic_business-71.png,OPERATIONAL,point_of_interest
131,Krispy Kreme Amir Sultan - كرسبي كريم الأمير سلطان,Jeddah,4.3,21.629042,39.1344416,"['bakery', 'food', 'store', 'point_of_interest', 'establishment']",ChIJoYJwbh_awxURWlDXkV3xcKU,https://maps.gstatic.com/mapfiles/place_api/icons/v1/png_71/restaurant-71.png,OPERATIONAL,bakery
132,Sawary Head Office HO شركة السواري للتجارة والتعهدات,"Prince Sultan Road, Jeddah",4.7,21.6289701,39.1343188,"['point_of_interest', 'establishment']",ChIJ83lAKbbawxURTEg37VC5FaE,https://maps.gstatic.com/mapfiles/place_api/icons/v1/png_71/generic_business-71.png,OPERATIONAL,point_of_interest
133,Swiss Education Group (Regional Office),"2nd floor, Sabah Business Centre, Prince Sultan Road, جدة",4.5,21.62857379999999,39.1338899,"['point_of_interest', 'establishment']",ChIJ927DTk3FwxUR02s60Ze77cw,https://maps.gstatic.com/mapfiles/place_api/icons/v1/png_71/school-71.png,OPERATIONAL,point_of_interest
134,SEA Ventures,"J4HM+CHC, محمد بن ابي بكر, An Nahdah District, An Nahdah District",4.6,21.6285667,39.1338794,"['point_of_interest', 'establishment']",ChIJi-MMKQfQwxURV_X-6Iz917I,https://maps.gstatic.com/mapfiles/place_api/icons/v1/png_71/generic_business-71.png,OPERATIONAL,point_of_interest
135,مجموعة السهام للتطوير العقاري,"Prince Sultan Road, Jeddah",5,21.6285565,39.13386970000001,"['general_contractor', 'point_of_interest', 'establishment']",ChIJCdOeSkjQwxURa7v92ios5q8,https://maps.gstatic.com/mapfiles/place_api/icons/v1/png_71/generic_business-71.png,OPERATIONAL,general_contractor
136,Al rajhi Takaful,"Prince Sultan Road, An Nahdah District, Jeddah",3,21.6289743,39.13424810000001,"['point_of_interest', 'establishment']",ChIJJ_sQbx_awxURCwfLgtA3yUk,https://maps.gstatic.com/mapfiles/place_api/icons/v1/png_71/generic_business-71.png,OPERATIONAL,point_of_interest
137,Experts Care Center,جدة,3.1,21.6257138,39.1354666,"['beauty_salon', 'point_of_interest', 'establishment']",ChIJD9Ys_RbQwxUR8c7xlbNWicM,https://maps.gstatic.com/mapfiles/place_api/icons/v1/png_71/generic_business-71.png,OPERATIONAL,beauty_salon
138,Shrimp Zone Sultan | منطقة الجمبري سلطان,"Dist, Prince Sultan Road, Jeddah",4,21.6256101,39.13576980000001,"['restaurant', 'food', 'point_of_interest', 'establishment']",ChIJv5yf4RjawxUR2JDPIcsjc2s,https://maps.gstatic.com/mapfiles/place_api/icons/v1/png_71/restaurant-71.png,OPERATIONAL,restaurant
141,Dar Al-Thikr Schools,"Al Amal, Jeddah",3.8,21.6240812,39.14309679999999,"['school', 'point_of_interest', 'establishment']",ChIJt8WjQxvawxUR-nEBArmkSPM,https://maps.gstatic.com/mapfiles/place_api/icons/v1/png_71/school-71.png,OPERATIONAL,school
142,Shawermatac,"Prince Sultan Road, 2055 Alamal St. Anaeem, Jeddah",3.8,21.6222671,39.13782399999999,"['restaurant', 'food', 'point_of_interest', 'establishment']",ChIJJ6gj7BnawxURLvhBDATT0xE,https://maps.gstatic.com/mapfiles/place_api/icons/v1/png_71/restaurant-71.png,OPERATIONAL,restaurant
143,Aviation Pioneers,"6940 Muhammed ibn bakr Street An nahdah, Jeddah",4.2,21.6236253,39.1359074,"['store', 'point_of_interest', 'university', 'establishment']",ChIJRcNSTBjawxUREHsRgDOPHpQ,https://maps.gstatic.com/mapfiles/place_api/icons/v1/png_71/generic_business-71.png,OPERATIONAL,store
144,Emaar Economic City,"8726 Prince Sultan Ibn Abdulaziz, جدة",4.1,21.6244394,39.1362759,"['point_of_interest', 'establishment']",ChIJ79WaARnawxURX2yLh12wzE0,https://maps.gstatic.com/mapfiles/place_api/icons/v1/png_71/generic_business-71.png,OPERATIONAL,point_of_interest
146,Hummus Refi | حمص ريفي,"Prince Sultan Road, Jeddah",3.9,21.6224311,39.1371124,"['restaurant', 'food', 'point_of_interest', 'establishment']",ChIJMRyybVfawxURXTjsbGUICWo,https://maps.gstatic.com/mapfiles/place_api/icons/v1/png_71/restaurant-71.png,OPERATIONAL,restaurant
147,GE Jeddah,"Saudi, Jeddah",4.5,21.6247617,39.136174,"['point_of_interest', 'establishment']",ChIJCX9z_RjawxURr1otSbGmyZQ,https://maps.gstatic.com/mapfiles/place_api/icons/v1/png_71/generic_business-71.png,OPERATIONAL,point_of_interest
148,Wheels Bike Shop (Trek),"Prince Sultan Road, Jeddah",4.2,21.6222537,39.1371591,"['bicycle_store', 'store', 'point_of_interest', 'establishment']",ChIJHcmBxBnawxURXafrou1O4ps,https://maps.gstatic.com/mapfiles/place_api/icons/v1/png_71/shopping-71.png,OPERATIONAL,bicycle_store
149,Saudi Diyar Consulting,"Prince Sultan Road, Jeddah",4.4,21.6250042,39.13572449999999,"['point_of_interest', 'establishment']",ChIJg54B4xjawxURneRlJ69HoRc,https://maps.gstatic.com/mapfiles/place_api/icons/v1/png_71/generic_business-71.png,OPERATIONAL,point_of_interest
150,Al DIWAN FOR DESIGN AND DECORATION,Jeddah,4.4,21.6219974,39.1381479,"['general_contractor', 'point_of_interest', 'establishment']",ChIJUZdBYBfawxURcCkYk_UXf2Y,https://maps.gstatic.com/mapfiles/place_api/icons/v1/png_71/generic_business-71.png,OPERATIONAL,general_contractor
153,شركة عبدالله سعد الباحوث للمحاماة والاستشارات القانونية,"Prince Sultan Branch Road, Jeddah",4.5,21.6211043,39.1369903,"['lawyer', 'point_of_interest', 'establishment']",ChIJISkEZRfawxURWTM1OT7Cyg4,https://maps.gstatic.com/mapfiles/place_api/icons/v1/png_71/generic_business-71.png,OPERATIONAL,lawyer
154,حلويات طيبة برديسي إخوان‎,"طريق الامير سلطان، حي النعيم، حي النعيم،, Jeddah",4.2,21.6213826,39.1381431,"['food', 'store', 'point_of_interest', 'establishment']",ChIJ2yfP_BnawxURsq3oR0MPJYQ,https://maps.gstatic.com/mapfiles/place_api/icons/v1/png_71/shopping-71.png,OPERATIONAL,food
155,Medialogy Group,"Prince Sultan Branch Road, Jeddah",5,21.6212095,39.138057,"['point_of_interest', 'establishment']",ChIJBUMvWBfawxURJBOkfDGYk4I,https://maps.gstatic.com/mapfiles/place_api/icons/v1/png_71/generic_business-71.png,OPERATIONAL,point_of_interest
156,سمارت آرت,"Prince Sultan Branch Road, Jeddah",3,21.6211759,39.13828949999999,"['general_contractor', 'point_of_interest', 'establishment']",ChIJS3Fa_RnawxURHyuSMcWA-EE,https://maps.gstatic.com/mapfiles/place_api/icons/v1/png_71/generic_business-71.png,OPERATIONAL,general_contractor
157,عيادات كوكب الأسنان,"Prince sultan street, Jeddah",4,21.6209401,39.1383652,"['dentist', 'health', 'point_of_interest', 'establishment']",ChIJLzF9_RnawxUR6f3_GB2AyCA,https://maps.gstatic.com/mapfiles/place_api/icons/v1/png_71/generic_business-71.png,OPERATIONAL,dentist
158,Muhammad Ali confectioner consultancy Architecture,"Al Amal, J4FR+73F, Jeddah",3.5,21.6231809,39.1401612,"['point_of_interest', 'establishment']",ChIJW5ZtLhrawxURlvUkM4rv5Fo,https://maps.gstatic.com/mapfiles/place_api/icons/v1/png_71/generic_business-71.png,OPERATIONAL,point_of_interest
159,Al Naeem,Al Naeem,N/A,21.6201722,39.1468025,"['sublocality_level_1', 'sublocality', 'political']",ChIJhQ-9Ix3awxUR50298aTyVSo,https://maps.gstatic.com/mapfiles/place_api/icons/v1/png_71/geocode-71.png,N/A,sublocality_level_1
161,Samsung Showroom,"Prince Sultan Road, Jeddah",4.1,21.6174087,39.1390958,"['electronics_store', 'store', 'point_of_interest', 'establishment']",ChIJfWGbNhHawxURZ8lgEoHnWys,https://maps.gstatic.com/mapfiles/place_api/icons/v1/png_71/shopping-71.png,OPERATIONAL,electronics_store
163,بنّوب ديكور & تصميم,"J49Q+G57, Jeddah",3.7,21.61879889999999,39.1379351,"['general_contractor', 'point_of_interest', 'establishment']",ChIJYQT3JxfawxURIrdD9mITu-8,https://maps.gstatic.com/mapfiles/place_api/icons/v1/png_71/generic_business-71.png,OPERATIONAL,general_contractor
164,Freyssinet Saudi Arabia,"8853 طريق الامير سلطان جدة, District",4.5,21.6191444,39.1385868,"['general_contractor', 'point_of_interest', 'establishment']",ChIJueSHLRfawxURG_OcZqzUQjQ,https://maps.gstatic.com/mapfiles/place_api/icons/v1/png_71/generic_business-71.png,OPERATIONAL,general_contractor
165,IFS,"Prince Sultan Road, J49Q+JFX, Jeddah",4.6,21.6191113,39.1387375,"['point_of_interest', 'establishment']",ChIJNXu5MhfawxURN8a7fdDcNtU,https://maps.gstatic.com/mapfiles/place_api/icons/v1/png_71/generic_business-71.png,OPERATIONAL,point_of_interest
166,RIYADA HOTELS&RESORTS,"8829 حفص بن المغيره, An Naim District, جدة",3,21.6189733,39.1391116,"['point_of_interest', 'establishment']",ChIJL-I20xDawxUR6kspeqSKiaY,https://maps.gstatic.com/mapfiles/place_api/icons/v1/png_71/generic_business-71.png,OPERATIONAL,point_of_interest
167,Meyzah ميزة - Mobile App Development Company,"An Naeem Street, جدة",3.9,21.6178557,39.1390175,"['point_of_interest', 'establishment']",ChIJvUGIMhHawxURsun_mTTM-_E,https://maps.gstatic.com/mapfiles/place_api/icons/v1/png_71/generic_business-71.png,OPERATIONAL,point_of_interest
170,Ugur,Jeddah,3.9,21.619671,39.1360195,"['restaurant', 'food', 'point_of_interest', 'establishment']",ChIJPWifqRfawxURSLrlUmws6EY,https://maps.gstatic.com/mapfiles/place_api/icons/v1/png_71/restaurant-71.png,OPERATIONAL,restaurant
172,Lion's Share,"عبدالرحمن الداخل, حي النهضة، 6526, جدة",4.2,21.6200167,39.136055,"['restaurant', 'food', 'point_of_interest', 'establishment']",ChIJHfeTpxfawxURFXACAa3JPjI,https://maps.gstatic.com/mapfiles/place_api/icons/v1/png_71/restaurant-71.png,OPERATIONAL,restaurant
173,جادة الإتقان للإستشارات,"Prince Sultan Road, 3rd floor, Office No. 305 - Bin Sulaiman Center, Jeddah",5,21.617226,39.13868,"['point_of_interest', 'establishment']",ChIJB8vIb7DawxURGvHYXXSaH6g,https://maps.gstatic.com/mapfiles/place_api/icons/v1/png_71/generic_business-71.png,OPERATIONAL,point_of_interest
176,كوز كرك Kooz Karak,"، حي, شارع عبد الرحمن الداخل, جدة",4,21.6199654,39.1357826,"['restaurant', 'cafe', 'store', 'food', 'point_of_interest', 'establishment']",ChIJzzFHrxfawxUR3qdTy8diB3E,https://maps.gstatic.com/mapfiles/place_api/icons/v1/png_71/restaurant-71.png,OPERATIONAL,restaurant
177,Nahdi pharmacy | صيدليه النهدى,"An Naeem Street, حي النعيم جدة - حى النعيم الجنوبى, Jeddah",3.6,21.6177165,39.14005,"['pharmacy', 'store', 'health', 'point_of_interest', 'establishment']",ChIJdVSmJBHawxUR9hiLpbQ76fc,https://maps.gstatic.com/mapfiles/place_api/icons/v1/png_71/pharmacy-71.png,OPERATIONAL,pharmacy
178,Roots Group Arabia Earth Moving and Material Handling Division,"Prince Sultan Road, J48Q+QJM, Jeddah",4.4,21.616967,39.13903270000001,"['point_of_interest', 'establishment']",ChIJWarDSxHawxURhw-M12J7eNA,https://maps.gstatic.com/mapfiles/place_api/icons/v1/png_71/generic_business-71.png,OPERATIONAL,point_of_interest
181,Hayat Heraa Hotel,"Fahd Ibn Zuayr, PO Box: 15630, Jeddah",4,21.6075736,39.13945940000001,"['lodging', 'point_of_interest', 'establishment']",ChIJ7yclbmzawxURtDItAIBfN3k,https://maps.gstatic.com/mapfiles/place_api/icons/v1/png_71/lodging-71.png,OPERATIONAL,lodging
182,Motyara Furnished Suites,"Prince Sultan Road, J45R+PCX, Prince Sultan Street, Alzahrah District, Jeddah",2.6,21.6093607,39.1411164,"['lodging', 'point_of_interest', 'establishment']",ChIJMdf03mzawxUR5ShBKav_eaU,https://maps.gstatic.com/mapfiles/place_api/icons/v1/png_71/lodging-71.png,OPERATIONAL,lodging
183,Olayan Suites,"J45Q+XR5, Hira Street, Jeddah",5,21.6098754,39.1396077,"['lodging', 'point_of_interest', 'establishment']",ChIJZxN4vGzawxUR3CHeRNP-FwY,https://maps.gstatic.com/mapfiles/place_api/icons/v1/png_71/lodging-71.png,OPERATIONAL,lodging
184,Mosque Imam Muhammad ibn Abd al-Wahhab,"4166 - حي - 8387, Jeddah",4.8,21.611952,39.1390891,"['mosque', 'place_of_worship', 'point_of_interest', 'establishment']",ChIJWzcvWRPawxURdaevtTDBBSo,https://maps.gstatic.com/mapfiles/place_api/icons/v1/png_71/worship_islam-71.png,OPERATIONAL,mosque
186,Herra Plaza Center,"Hira Street, J46P+4V9, Jeddah",3.8,21.6102778,39.1372222,"['shopping_mall', 'point_of_interest', 'establishment']",ChIJK688PmvawxURqRrEvDgxjFw,https://maps.gstatic.com/mapfiles/place_api/icons/v1/png_71/shopping-71.png,OPERATIONAL,shopping_mall
187,Aljonaid Trading Company,"J47Q+8XX, Jeddah",5,21.613371,39.13999159999999,"['point_of_interest', 'establishment']",ChIJ71TEmBPawxURcBCnpeGbt70,https://maps.gstatic.com/mapfiles/place_api/icons/v1/png_71/generic_business-71.png,OPERATIONAL,point_of_interest
188,مركز المعرفة الشامل للتدريب,"Prince Sultan Branch Road, J47R+G4M, Jeddah",1,21.6138442,39.14028160000001,"['point_of_interest', 'establishment']",ChIJFXPuvBPawxURDTM_Qj-hkmY,https://maps.gstatic.com/mapfiles/place_api/icons/v1/png_71/school-71.png,OPERATIONAL,point_of_interest
189,هرماس الجزيرة - Hirmas Aljazeera,"8560 الامير سلطان, An Nahdah District, جدة",3.7,21.6135265,39.1397525,"['point_of_interest', 'establishment']",ChIJvw2mnhPawxURENuB6oPZiIo,https://maps.gstatic.com/mapfiles/place_api/icons/v1/png_71/generic_business-71.png,OPERATIONAL,point_of_interest
190,مؤسسة رحلات الترفيهية,"ميدان التاريخ, J47Q+GW3, طريق الامير سلطان, Jeddah",4.1,21.6137584,39.139785,"['point_of_interest', 'establishment']",ChIJ7-0b2rzawxURiR4VXIKucus,https://maps.gstatic.com/mapfiles/place_api/icons/v1/png_71/generic_business-71.png,OPERATIONAL,point_of_interest
191,"Volume IT & Communication Co, Ltd.","8588 الامير سلطان، An Nahdah District, Jeddah 23523 4247",4.1,21.6138045,39.1398112,"['point_of_interest', 'establishment']",ChIJz1h28h7QwxURxD6oSBoOj7g,https://maps.gstatic.com/mapfiles/place_api/icons/v1/png_71/generic_business-71.png,OPERATIONAL,point_of_interest
192,Abdul Latif Jameel Services Company Limited,"الامير سلطان، حي النهضة, Jeddah",3,21.61375139999999,39.1397301,"['point_of_interest', 'establishment']",ChIJafQpmhPawxURExpVBNcg3Nw,https://maps.gstatic.com/mapfiles/place_api/icons/v1/png_71/generic_business-71.png,OPERATIONAL,point_of_interest
193,الشريك الرابح Winning Partner,"Prince Sultan Road, Jeddah",5,21.6137862,39.1397311,"['finance', 'point_of_interest', 'establishment']",ChIJS-wemhPawxURaMv8aNZMOnI,https://maps.gstatic.com/mapfiles/place_api/icons/v1/png_71/generic_business-71.png,OPERATIONAL,finance
194,Kayan Al Haditha,"Prince Sultan Road, J47Q+GV8, Jeddah",4,21.6137771,39.139691,"['point_of_interest', 'establishment']",ChIJG2MWmhPawxUR0Qrl8do2b1Q,https://maps.gstatic.com/mapfiles/place_api/icons/v1/png_71/generic_business-71.png,OPERATIONAL,point_of_interest
195,Vision International,"8588 الامير سلطان, An Nahdah District,, جدة",N/A,21.6137604,39.1395704,"['point_of_interest', 'establishment']",ChIJZTU3mhPawxURIZIXj7I0tRs,https://maps.gstatic.com/mapfiles/place_api/icons/v1/png_71/generic_business-71.png,OPERATIONAL,point_of_interest
196,مناسباتي العربية المبتكرة,"Prince Sultan Branch Road, J47R+67H, Jeddah",5,21.6130633,39.14073279999999,"['point_of_interest', 'establishment']",ChIJm1vlpxPawxURN483X2-BJZw,https://maps.gstatic.com/mapfiles/place_api/icons/v1/png_71/generic_business-71.png,CLOSED_TEMPORARILY,point_of_interest
197,Alhazen,"الامير سلطان, J47R+68G, Jeddah",N/A,21.6130742,39.140832,"['point_of_interest', 'establishment']",ChIJ64VMqBPawxURhIE9tKTuvN4,https://maps.gstatic.com/mapfiles/place_api/icons/v1/png_71/generic_business-71.png,OPERATIONAL,point_of_interest
198,Samman for Automatic Doors,"الامير سلطان فرعي، 2368،, JENC8163، 8163, Jeddah",3.5,21.612853,39.1408569,"['electronics_store', 'general_contractor', 'store', 'point_of_interest', 'establishment']",ChIJTzL1HxPawxURIvMAzcFf96M,https://maps.gstatic.com/mapfiles/place_api/icons/v1/png_71/generic_business-71.png,OPERATIONAL,electronics_store
199,As Salamah,As Salamah,N/A,21.5878556,39.1526153,"['sublocality_level_1', 'sublocality', 'political']",ChIJj6vNi3jawxURmvOF0FkJqJg,https://maps.gstatic.com/mapfiles/place_api/icons/v1/png_71/geocode-71.png,N/A,sublocality_level_1
206,مساكن المروة للأجنحة الفندقية,"Hira Street, Jeddah",3,21.6095197,39.1348861,"['lodging', 'point_of_interest', 'establishment']",ChIJGYrQX2rawxURaFKJBu4a3uw,https://maps.gstatic.com/mapfiles/place_api/icons/v1/png_71/lodging-71.png,OPERATIONAL,lodging
208,روائع الأرضيات الخشبية,"مقابل حراء افينيو, Prince Sultan Road, Jeddah",4.7,21.6116653,39.14131930000001,"['general_contractor', 'point_of_interest', 'establishment']",ChIJP9WV3xLawxURD6MxKF7Kx_o,https://maps.gstatic.com/mapfiles/place_api/icons/v1/png_71/generic_business-71.png,OPERATIONAL,general_contractor
209,Mousa Automatic Doors,"ميدان التاريخ, Jeddah",2.6,21.6112445,39.1414261,"['point_of_interest', 'establishment']",ChIJSWbA2BLawxURBo4djjNeNSs,https://maps.gstatic.com/mapfiles/place_api/icons/v1/png_71/generic_business-71.png,OPERATIONAL,point_of_interest
210,Saudi Fisheries Company,"Hira Street, Jeddah",2.9,21.6105079,39.14029310000001,"['food', 'point_of_interest', 'establishment']",ChIJK-B-zGzawxURoJp9ssTi1uk,https://maps.gstatic.com/mapfiles/place_api/icons/v1/png_71/generic_business-71.png,OPERATIONAL,food
211,باثابت,"Hira Street, Jeddah",4.2,21.61124119999999,39.1420508,"['point_of_interest', 'establishment']",ChIJxfK3VkTawxURLzwO5xlQkZA,https://maps.gstatic.com/mapfiles/place_api/icons/v1/png_71/generic_business-71.png,OPERATIONAL,point_of_interest
212,المناسبات الدولية,"ميدان التاريخ, Hira Street, Jeddah",4.6,21.6112322,39.1420536,"['point_of_interest', 'establishment']",ChIJ33aLKCfPwxURUMx2WLCZu1A,https://maps.gstatic.com/mapfiles/place_api/icons/v1/png_71/generic_business-71.png,OPERATIONAL,point_of_interest
213,Riyadh For Recruitment,"Roman Center Building, Al Ghazqawi, Jeddah",3.1,21.6104207,39.1415502,"['point_of_interest', 'establishment']",ChIJj5Ns0xLawxURmk2pDeA3QLQ,https://maps.gstatic.com/mapfiles/place_api/icons/v1/png_71/generic_business-71.png,OPERATIONAL,point_of_interest
214,Dr. Style Clinics,"شارع الأمير سلطان، Jeddah, Jeddah",3.9,21.6103104,39.1415244,"['hospital', 'beauty_salon', 'hair_care', 'store', 'doctor', 'health', 'point_of_interest', 'establishment']",ChIJA9zX1BLawxURsNFbzkQKfiM,https://maps.gstatic.com/mapfiles/place_api/icons/v1/png_71/hospital-71.png,OPERATIONAL,hospital
216,Company Triangle teaching aids,طريق الامير سلطان، السلامة،,4.1,21.6101063,39.1415355,"['point_of_interest', 'establishment']",ChIJ8fMXbSrOwxURovZG6aY8D1Q,https://maps.gstatic.com/mapfiles/place_api/icons/v1/png_71/school-71.png,OPERATIONAL,point_of_interest
